utc	sgt	pair	nodes_2free	free_cards	est_start_utc	est_wait_min	status
2026-10-02T08:34:58	2026-10-02T16:34:58	pro6000:2_-C_highmem	0	0	2026-10-04T22:59:16	3744	ok
2026-10-02T08:34:58	2026-10-02T16:34:58	pro6000:2	0	0	2026-10-04T18:29:23	3475	ok
2026-10-02T08:34:58	2026-10-02T16:34:58	6000ada:2	0	1	2026-10-04T19:17:14	3522	ok
2026-10-02T08:34:58	2026-10-02T16:34:58	l40:2	0	1	2026-10-03T13:54:52	1760	ok
2026-10-02T08:34:58	2026-10-02T16:34:58	a6000:2	0	1	2026-10-06T05:05:01	5550	ok
2026-10-02T08:34:58	2026-10-02T16:34:58	a40:2	0	0	2026-10-05T03:35:37	4021	ok
2026-10-02T08:35:12	2026-10-02T16:35:12	pro6000:2_-C_highmem	0	0	2026-10-04T22:59:16	3744	ok
2026-10-02T08:35:12	2026-10-02T16:35:12	pro6000:2	0	0	2026-10-04T18:29:36	3475	ok
2026-10-02T08:35:12	2026-10-02T16:35:12	6000ada:2	0	1	2026-10-04T19:17:14	3522	ok
2026-10-02T08:35:12	2026-10-02T16:35:12	l40:2	0	1	2026-10-03T13:54:52	1760	ok
2026-10-02T08:35:12	2026-10-02T16:35:12	a6000:2	0	1	2026-10-06T05:05:01	5550	ok
2026-10-02T08:35:12	2026-10-02T16:35:12	a40:2	0	0	2026-10-05T03:35:37	4021	ok
